TRACK,LABEL,METHOD,CURVE
1,feature.Area.og1.CWHvm_DR_HW_M,,0
1,feature.Area.og1.total,,0
1,feature.Area.og2.CWHvm_DR_HW_M,,1
1,feature.Area.og2.total,,1
1,feature.Area.unmanaged,,2
1,feature.Height.unmanaged.CWHvm_DR_HW_M,,3
1,feature.QMD.unmanaged.CWHvm_DR_HW_M,,4
1,feature.Seral.CWHvm_DR_HW_M.immature,,5
1,feature.Seral.CWHvm_DR_HW_M.mature,,6
1,feature.Seral.CWHvm_DR_HW_M.overmature,,7
1,feature.Seral.CWHvm_DR_HW_M.regenerating,,8
1,feature.Seral.CWHvm_DR_HW_M.young,,9
1,feature.Seral.immature,,5
1,feature.Seral.mature,,6
1,feature.Seral.overmature,,7
1,feature.Seral.regenerating,,8
1,feature.Seral.young,,9
1,feature.SpeciesProp.unmanaged.CW,,10
1,feature.SpeciesProp.unmanaged.DR,,11
1,feature.SpeciesProp.unmanaged.FDC,,12
1,feature.SpeciesProp.unmanaged.HW,,13
1,feature.SpeciesProp.unmanaged.SS,,14
1,feature.StemsPerHa.unmanaged.CWHvm_DR_HW_M,,15
1,feature.Yield.unmanaged.CW,,16
1,feature.Yield.unmanaged.DR,,17
1,feature.Yield.unmanaged.FDC,,18
1,feature.Yield.unmanaged.HW,,19
1,feature.Yield.unmanaged.SS,,20
1,feature.Yield.unmanaged.Total,,21
2,feature.Area.managed,,22
2,feature.Area.og1.CWHvm_DR_HW_M,,23
2,feature.Area.og1.total,,23
2,feature.Area.og2.CWHvm_DR_HW_M,,24
2,feature.Area.og2.total,,24
2,feature.Height.managed.CWHvm_DR_HW_M,,25
2,feature.QMD.managed.CWHvm_DR_HW_M,,26
2,feature.Seral.CWHvm_DR_HW_M.immature,,27
2,feature.Seral.CWHvm_DR_HW_M.mature,,28
2,feature.Seral.CWHvm_DR_HW_M.overmature,,29
2,feature.Seral.CWHvm_DR_HW_M.regenerating,,30
2,feature.Seral.CWHvm_DR_HW_M.young,,31
2,feature.Seral.immature,,27
2,feature.Seral.mature,,28
2,feature.Seral.overmature,,29
2,feature.Seral.regenerating,,30
2,feature.Seral.young,,31
2,feature.SpeciesProp.managed.CW,,32
2,feature.SpeciesProp.managed.DR,,33
2,feature.SpeciesProp.managed.FDC,,34
2,feature.SpeciesProp.managed.HW,,35
2,feature.SpeciesProp.managed.SS,,36
2,feature.StemsPerHa.managed.CWHvm_DR_HW_M,,37
2,feature.Yield.managed.CW,,38
2,feature.Yield.managed.DR,,39
2,feature.Yield.managed.FDC,,40
2,feature.Yield.managed.HW,,41
2,feature.Yield.managed.SS,,42
2,feature.Yield.managed.Total,,43
3,feature.Area.og1.CWHvm_FDC_HW_H,,115
3,feature.Area.og1.total,,115
3,feature.Area.og2.CWHvm_FDC_HW_H,,24
3,feature.Area.og2.total,,24
3,feature.Area.unmanaged,,22
3,feature.Height.unmanaged.CWHvm_FDC_HW_H,,116
3,feature.QMD.unmanaged.CWHvm_FDC_HW_H,,117
3,feature.Seral.CWHvm_FDC_HW_H.immature,,118
3,feature.Seral.CWHvm_FDC_HW_H.mature,,119
3,feature.Seral.CWHvm_FDC_HW_H.overmature,,120
3,feature.Seral.CWHvm_FDC_HW_H.regenerating,,30
3,feature.Seral.CWHvm_FDC_HW_H.young,,31
3,feature.Seral.immature,,118
3,feature.Seral.mature,,119
3,feature.Seral.overmature,,120
3,feature.Seral.regenerating,,30
3,feature.Seral.young,,31
3,feature.SpeciesProp.unmanaged.BA,,121
3,feature.SpeciesProp.unmanaged.CW,,122
3,feature.SpeciesProp.unmanaged.DR,,123
3,feature.SpeciesProp.unmanaged.FDC,,124
3,feature.SpeciesProp.unmanaged.HW,,125
3,feature.SpeciesProp.unmanaged.PL,,126
3,feature.SpeciesProp.unmanaged.SS,,126
3,feature.StemsPerHa.unmanaged.CWHvm_FDC_HW_H,,127
3,feature.Yield.unmanaged.BA,,128
3,feature.Yield.unmanaged.CW,,129
3,feature.Yield.unmanaged.DR,,130
3,feature.Yield.unmanaged.FDC,,131
3,feature.Yield.unmanaged.HW,,132
3,feature.Yield.unmanaged.PL,,133
3,feature.Yield.unmanaged.SS,,133
3,feature.Yield.unmanaged.Total,,134
4,feature.Area.managed,,22
4,feature.Area.og1.CWHvm_FDC_HW_H,,115
4,feature.Area.og1.total,,115
4,feature.Area.og2.CWHvm_FDC_HW_H,,24
4,feature.Area.og2.total,,24
4,feature.Height.managed.CWHvm_FDC_HW_H,,135
4,feature.QMD.managed.CWHvm_FDC_HW_H,,136
4,feature.Seral.CWHvm_FDC_HW_H.immature,,118
4,feature.Seral.CWHvm_FDC_HW_H.mature,,119
4,feature.Seral.CWHvm_FDC_HW_H.overmature,,120
4,feature.Seral.CWHvm_FDC_HW_H.regenerating,,30
4,feature.Seral.CWHvm_FDC_HW_H.young,,31
4,feature.Seral.immature,,118
4,feature.Seral.mature,,119
4,feature.Seral.overmature,,120
4,feature.Seral.regenerating,,30
4,feature.Seral.young,,31
4,feature.SpeciesProp.managed.BA,,121
4,feature.SpeciesProp.managed.CW,,122
4,feature.SpeciesProp.managed.DR,,137
4,feature.SpeciesProp.managed.FDC,,138
4,feature.SpeciesProp.managed.HW,,125
4,feature.SpeciesProp.managed.PL,,139
4,feature.SpeciesProp.managed.SS,,139
4,feature.StemsPerHa.managed.CWHvm_FDC_HW_H,,140
4,feature.Yield.managed.BA,,141
4,feature.Yield.managed.CW,,142
4,feature.Yield.managed.DR,,143
4,feature.Yield.managed.FDC,,144
4,feature.Yield.managed.HW,,145
4,feature.Yield.managed.PL,,146
4,feature.Yield.managed.SS,,146
4,feature.Yield.managed.Total,,147
5,feature.Area.og1.CWHvm_HW_CW_M,,231
5,feature.Area.og1.total,,231
5,feature.Area.og2.CWHvm_HW_CW_M,,24
5,feature.Area.og2.total,,24
5,feature.Area.unmanaged,,22
5,feature.Height.unmanaged.CWHvm_HW_CW_M,,232
5,feature.QMD.unmanaged.CWHvm_HW_CW_M,,233
5,feature.Seral.CWHvm_HW_CW_M.immature,,234
5,feature.Seral.CWHvm_HW_CW_M.mature,,235
5,feature.Seral.CWHvm_HW_CW_M.overmature,,236
5,feature.Seral.CWHvm_HW_CW_M.regenerating,,30
5,feature.Seral.CWHvm_HW_CW_M.young,,31
5,feature.Seral.immature,,234
5,feature.Seral.mature,,235
5,feature.Seral.overmature,,236
5,feature.Seral.regenerating,,30
5,feature.Seral.young,,31
5,feature.SpeciesProp.unmanaged.BA,,237
5,feature.SpeciesProp.unmanaged.CW,,238
5,feature.SpeciesProp.unmanaged.DR,,239
5,feature.SpeciesProp.unmanaged.FDC,,240
5,feature.SpeciesProp.unmanaged.HW,,241
5,feature.SpeciesProp.unmanaged.PLC,,242
5,feature.SpeciesProp.unmanaged.SS,,243
5,feature.SpeciesProp.unmanaged.YC,,244
5,feature.StemsPerHa.unmanaged.CWHvm_HW_CW_M,,245
5,feature.Yield.unmanaged.BA,,246
5,feature.Yield.unmanaged.CW,,247
5,feature.Yield.unmanaged.DR,,248
5,feature.Yield.unmanaged.FDC,,249
5,feature.Yield.unmanaged.HW,,250
5,feature.Yield.unmanaged.PLC,,251
5,feature.Yield.unmanaged.SS,,252
5,feature.Yield.unmanaged.Total,,253
5,feature.Yield.unmanaged.YC,,254
6,feature.Area.managed,,22
6,feature.Area.og1.CWHvm_HW_CW_M,,231
6,feature.Area.og1.total,,231
6,feature.Area.og2.CWHvm_HW_CW_M,,24
6,feature.Area.og2.total,,24
6,feature.Height.managed.CWHvm_HW_CW_M,,255
6,feature.QMD.managed.CWHvm_HW_CW_M,,256
6,feature.Seral.CWHvm_HW_CW_M.immature,,234
6,feature.Seral.CWHvm_HW_CW_M.mature,,235
6,feature.Seral.CWHvm_HW_CW_M.overmature,,236
6,feature.Seral.CWHvm_HW_CW_M.regenerating,,30
6,feature.Seral.CWHvm_HW_CW_M.young,,31
6,feature.Seral.immature,,234
6,feature.Seral.mature,,235
6,feature.Seral.overmature,,236
6,feature.Seral.regenerating,,30
6,feature.Seral.young,,31
6,feature.SpeciesProp.managed.BA,,257
6,feature.SpeciesProp.managed.CW,,258
6,feature.SpeciesProp.managed.DR,,259
6,feature.SpeciesProp.managed.FDC,,260
6,feature.SpeciesProp.managed.HW,,261
6,feature.SpeciesProp.managed.PLC,,262
6,feature.SpeciesProp.managed.SS,,263
6,feature.SpeciesProp.managed.YC,,244
6,feature.StemsPerHa.managed.CWHvm_HW_CW_M,,140
6,feature.Yield.managed.BA,,264
6,feature.Yield.managed.CW,,265
6,feature.Yield.managed.DR,,266
6,feature.Yield.managed.FDC,,267
6,feature.Yield.managed.HW,,268
6,feature.Yield.managed.PLC,,269
6,feature.Yield.managed.SS,,270
6,feature.Yield.managed.Total,,271
6,feature.Yield.managed.YC,,272
7,feature.Area.og1.CWHvm_HW_FDC_H,,376
7,feature.Area.og1.total,,376
7,feature.Area.og2.CWHvm_HW_FDC_H,,24
7,feature.Area.og2.total,,24
7,feature.Area.unmanaged,,22
7,feature.Height.unmanaged.CWHvm_HW_FDC_H,,377
7,feature.QMD.unmanaged.CWHvm_HW_FDC_H,,378
7,feature.Seral.CWHvm_HW_FDC_H.immature,,118
7,feature.Seral.CWHvm_HW_FDC_H.mature,,119
7,feature.Seral.CWHvm_HW_FDC_H.overmature,,120
7,feature.Seral.CWHvm_HW_FDC_H.regenerating,,30
7,feature.Seral.CWHvm_HW_FDC_H.young,,31
7,feature.Seral.immature,,118
7,feature.Seral.mature,,119
7,feature.Seral.overmature,,120
7,feature.Seral.regenerating,,30
7,feature.Seral.young,,31
7,feature.SpeciesProp.unmanaged.BA,,121
7,feature.SpeciesProp.unmanaged.CW,,379
7,feature.SpeciesProp.unmanaged.DR,,123
7,feature.SpeciesProp.unmanaged.FDC,,380
7,feature.SpeciesProp.unmanaged.HW,,381
7,feature.SpeciesProp.unmanaged.PL,,126
7,feature.SpeciesProp.unmanaged.SS,,126
7,feature.StemsPerHa.unmanaged.CWHvm_HW_FDC_H,,382
7,feature.Yield.unmanaged.BA,,383
7,feature.Yield.unmanaged.CW,,384
7,feature.Yield.unmanaged.DR,,385
7,feature.Yield.unmanaged.FDC,,386
7,feature.Yield.unmanaged.HW,,387
7,feature.Yield.unmanaged.PL,,388
7,feature.Yield.unmanaged.SS,,388
7,feature.Yield.unmanaged.Total,,389
8,feature.Area.managed,,22
8,feature.Area.og1.CWHvm_HW_FDC_H,,376
8,feature.Area.og1.total,,376
8,feature.Area.og2.CWHvm_HW_FDC_H,,24
8,feature.Area.og2.total,,24
8,feature.Height.managed.CWHvm_HW_FDC_H,,390
8,feature.QMD.managed.CWHvm_HW_FDC_H,,391
8,feature.Seral.CWHvm_HW_FDC_H.immature,,118
8,feature.Seral.CWHvm_HW_FDC_H.mature,,119
8,feature.Seral.CWHvm_HW_FDC_H.overmature,,120
8,feature.Seral.CWHvm_HW_FDC_H.regenerating,,30
8,feature.Seral.CWHvm_HW_FDC_H.young,,31
8,feature.Seral.immature,,118
8,feature.Seral.mature,,119
8,feature.Seral.overmature,,120
8,feature.Seral.regenerating,,30
8,feature.Seral.young,,31
8,feature.SpeciesProp.managed.BA,,121
8,feature.SpeciesProp.managed.CW,,392
8,feature.SpeciesProp.managed.DR,,123
8,feature.SpeciesProp.managed.FDC,,393
8,feature.SpeciesProp.managed.HW,,394
8,feature.SpeciesProp.managed.PL,,126
8,feature.SpeciesProp.managed.SS,,126
8,feature.StemsPerHa.managed.CWHvm_HW_FDC_H,,37
8,feature.Yield.managed.BA,,395
8,feature.Yield.managed.CW,,396
8,feature.Yield.managed.DR,,397
8,feature.Yield.managed.FDC,,398
8,feature.Yield.managed.HW,,399
8,feature.Yield.managed.PL,,400
8,feature.Yield.managed.SS,,400
8,feature.Yield.managed.Total,,401
9,feature.Area.og1.CWHvm_HW_CW_L,,478
9,feature.Area.og1.total,,478
9,feature.Area.og2.CWHvm_HW_CW_L,,1
9,feature.Area.og2.total,,1
9,feature.Area.unmanaged,,2
9,feature.Height.unmanaged.CWHvm_HW_CW_L,,479
9,feature.QMD.unmanaged.CWHvm_HW_CW_L,,480
9,feature.Seral.CWHvm_HW_CW_L.immature,,5
9,feature.Seral.CWHvm_HW_CW_L.mature,,481
9,feature.Seral.CWHvm_HW_CW_L.overmature,,482
9,feature.Seral.CWHvm_HW_CW_L.regenerating,,8
9,feature.Seral.CWHvm_HW_CW_L.young,,9
9,feature.Seral.immature,,5
9,feature.Seral.mature,,481
9,feature.Seral.overmature,,482
9,feature.Seral.regenerating,,8
9,feature.Seral.young,,9
9,feature.SpeciesProp.unmanaged.BA,,483
9,feature.SpeciesProp.unmanaged.CW,,484
9,feature.SpeciesProp.unmanaged.DR,,485
9,feature.SpeciesProp.unmanaged.FDC,,486
9,feature.SpeciesProp.unmanaged.HW,,487
9,feature.SpeciesProp.unmanaged.PLC,,488
9,feature.SpeciesProp.unmanaged.SS,,489
9,feature.SpeciesProp.unmanaged.YC,,490
9,feature.StemsPerHa.unmanaged.CWHvm_HW_CW_L,,491
9,feature.Yield.unmanaged.BA,,492
9,feature.Yield.unmanaged.CW,,493
9,feature.Yield.unmanaged.DR,,494
9,feature.Yield.unmanaged.FDC,,495
9,feature.Yield.unmanaged.HW,,496
9,feature.Yield.unmanaged.PLC,,497
9,feature.Yield.unmanaged.SS,,498
9,feature.Yield.unmanaged.Total,,499
9,feature.Yield.unmanaged.YC,,500
10,feature.Area.managed,,22
10,feature.Area.og1.CWHvm_HW_CW_L,,501
10,feature.Area.og1.total,,501
10,feature.Area.og2.CWHvm_HW_CW_L,,24
10,feature.Area.og2.total,,24
10,feature.Height.managed.CWHvm_HW_CW_L,,502
10,feature.QMD.managed.CWHvm_HW_CW_L,,503
10,feature.Seral.CWHvm_HW_CW_L.immature,,27
10,feature.Seral.CWHvm_HW_CW_L.mature,,504
10,feature.Seral.CWHvm_HW_CW_L.overmature,,236
10,feature.Seral.CWHvm_HW_CW_L.regenerating,,30
10,feature.Seral.CWHvm_HW_CW_L.young,,31
10,feature.Seral.immature,,27
10,feature.Seral.mature,,504
10,feature.Seral.overmature,,236
10,feature.Seral.regenerating,,30
10,feature.Seral.young,,31
10,feature.SpeciesProp.managed.BA,,483
10,feature.SpeciesProp.managed.CW,,505
10,feature.SpeciesProp.managed.DR,,485
10,feature.SpeciesProp.managed.FDC,,506
10,feature.SpeciesProp.managed.HW,,487
10,feature.SpeciesProp.managed.PLC,,488
10,feature.SpeciesProp.managed.SS,,489
10,feature.SpeciesProp.managed.YC,,507
10,feature.StemsPerHa.managed.CWHvm_HW_CW_L,,37
10,feature.Yield.managed.BA,,508
10,feature.Yield.managed.CW,,509
10,feature.Yield.managed.DR,,510
10,feature.Yield.managed.FDC,,511
10,feature.Yield.managed.HW,,512
10,feature.Yield.managed.PLC,,513
10,feature.Yield.managed.SS,,514
10,feature.Yield.managed.Total,,515
10,feature.Yield.managed.YC,,516
11,feature.Area.managed,,22
11,feature.Area.og1.CWHvm_HW_CW_L,,501
11,feature.Area.og1.total,,501
11,feature.Area.og2.CWHvm_HW_CW_L,,24
11,feature.Area.og2.total,,24
11,feature.Height.managed.CWHvm_HW_CW_L,,502
11,feature.QMD.managed.CWHvm_HW_CW_L,,503
11,feature.Seral.CWHvm_HW_CW_L.immature,,27
11,feature.Seral.CWHvm_HW_CW_L.mature,,504
11,feature.Seral.CWHvm_HW_CW_L.overmature,,236
11,feature.Seral.CWHvm_HW_CW_L.regenerating,,30
11,feature.Seral.CWHvm_HW_CW_L.young,,31
11,feature.Seral.immature,,27
11,feature.Seral.mature,,504
11,feature.Seral.overmature,,236
11,feature.Seral.regenerating,,30
11,feature.Seral.young,,31
11,feature.SpeciesProp.managed.BA,,237
11,feature.SpeciesProp.managed.CW,,238
11,feature.SpeciesProp.managed.DR,,239
11,feature.SpeciesProp.managed.FDC,,240
11,feature.SpeciesProp.managed.HW,,261
11,feature.SpeciesProp.managed.PLC,,242
11,feature.SpeciesProp.managed.SS,,243
11,feature.SpeciesProp.managed.YC,,244
11,feature.StemsPerHa.managed.CWHvm_HW_CW_L,,37
11,feature.Yield.managed.BA,,617
11,feature.Yield.managed.CW,,618
11,feature.Yield.managed.DR,,619
11,feature.Yield.managed.FDC,,620
11,feature.Yield.managed.HW,,621
11,feature.Yield.managed.PLC,,622
11,feature.Yield.managed.SS,,623
11,feature.Yield.managed.Total,,515
11,feature.Yield.managed.YC,,624
12,feature.Area.og1.CWHvm_FDC_HW_L,,501
12,feature.Area.og1.total,,501
12,feature.Area.og2.CWHvm_FDC_HW_L,,24
12,feature.Area.og2.total,,24
12,feature.Area.unmanaged,,22
12,feature.Height.unmanaged.CWHvm_FDC_HW_L,,713
12,feature.QMD.unmanaged.CWHvm_FDC_HW_L,,714
12,feature.Seral.CWHvm_FDC_HW_L.immature,,234
12,feature.Seral.CWHvm_FDC_HW_L.mature,,715
12,feature.Seral.CWHvm_FDC_HW_L.overmature,,716
12,feature.Seral.CWHvm_FDC_HW_L.regenerating,,30
12,feature.Seral.CWHvm_FDC_HW_L.young,,31
12,feature.Seral.immature,,234
12,feature.Seral.mature,,715
12,feature.Seral.overmature,,716
12,feature.Seral.regenerating,,30
12,feature.Seral.young,,31
12,feature.SpeciesProp.unmanaged.BA,,121
12,feature.SpeciesProp.unmanaged.CW,,122
12,feature.SpeciesProp.unmanaged.DR,,123
12,feature.SpeciesProp.unmanaged.FDC,,138
12,feature.SpeciesProp.unmanaged.HW,,717
12,feature.SpeciesProp.unmanaged.PL,,126
12,feature.SpeciesProp.unmanaged.SS,,126
12,feature.StemsPerHa.unmanaged.CWHvm_FDC_HW_L,,718
12,feature.Yield.unmanaged.BA,,719
12,feature.Yield.unmanaged.CW,,720
12,feature.Yield.unmanaged.DR,,721
12,feature.Yield.unmanaged.FDC,,722
12,feature.Yield.unmanaged.HW,,723
12,feature.Yield.unmanaged.PL,,724
12,feature.Yield.unmanaged.SS,,724
12,feature.Yield.unmanaged.Total,,725
13,feature.Area.managed,,22
13,feature.Area.og1.CWHvm_FDC_HW_L,,501
13,feature.Area.og1.total,,501
13,feature.Area.og2.CWHvm_FDC_HW_L,,24
13,feature.Area.og2.total,,24
13,feature.Height.managed.CWHvm_FDC_HW_L,,726
13,feature.QMD.managed.CWHvm_FDC_HW_L,,727
13,feature.Seral.CWHvm_FDC_HW_L.immature,,234
13,feature.Seral.CWHvm_FDC_HW_L.mature,,715
13,feature.Seral.CWHvm_FDC_HW_L.overmature,,716
13,feature.Seral.CWHvm_FDC_HW_L.regenerating,,30
13,feature.Seral.CWHvm_FDC_HW_L.young,,31
13,feature.Seral.immature,,234
13,feature.Seral.mature,,715
13,feature.Seral.overmature,,716
13,feature.Seral.regenerating,,30
13,feature.Seral.young,,31
13,feature.SpeciesProp.managed.BA,,121
13,feature.SpeciesProp.managed.CW,,122
13,feature.SpeciesProp.managed.DR,,123
13,feature.SpeciesProp.managed.FDC,,138
13,feature.SpeciesProp.managed.HW,,717
13,feature.SpeciesProp.managed.PL,,126
13,feature.SpeciesProp.managed.SS,,126
13,feature.StemsPerHa.managed.CWHvm_FDC_HW_L,,37
13,feature.Yield.managed.BA,,728
13,feature.Yield.managed.CW,,729
13,feature.Yield.managed.DR,,730
13,feature.Yield.managed.FDC,,731
13,feature.Yield.managed.HW,,732
13,feature.Yield.managed.PL,,733
13,feature.Yield.managed.SS,,733
13,feature.Yield.managed.Total,,734
14,feature.Area.og1.CWHvm_CW_HW_M,,814
14,feature.Area.og1.total,,814
14,feature.Area.og2.CWHvm_CW_HW_M,,24
14,feature.Area.og2.total,,24
14,feature.Area.unmanaged,,22
14,feature.Height.unmanaged.CWHvm_CW_HW_M,,815
14,feature.QMD.unmanaged.CWHvm_CW_HW_M,,816
14,feature.Seral.CWHvm_CW_HW_M.immature,,27
14,feature.Seral.CWHvm_CW_HW_M.mature,,504
14,feature.Seral.CWHvm_CW_HW_M.overmature,,236
14,feature.Seral.CWHvm_CW_HW_M.regenerating,,30
14,feature.Seral.CWHvm_CW_HW_M.young,,31
14,feature.Seral.immature,,27
14,feature.Seral.mature,,504
14,feature.Seral.overmature,,236
14,feature.Seral.regenerating,,30
14,feature.Seral.young,,31
14,feature.SpeciesProp.unmanaged.BA,,483
14,feature.SpeciesProp.unmanaged.CW,,505
14,feature.SpeciesProp.unmanaged.DR,,485
14,feature.SpeciesProp.unmanaged.FDC,,506
14,feature.SpeciesProp.unmanaged.HW,,487
14,feature.SpeciesProp.unmanaged.PLC,,488
14,feature.SpeciesProp.unmanaged.SS,,489
14,feature.SpeciesProp.unmanaged.YC,,507
14,feature.StemsPerHa.unmanaged.CWHvm_CW_HW_M,,817
14,feature.Yield.unmanaged.BA,,818
14,feature.Yield.unmanaged.CW,,819
14,feature.Yield.unmanaged.DR,,820
14,feature.Yield.unmanaged.FDC,,821
14,feature.Yield.unmanaged.HW,,822
14,feature.Yield.unmanaged.PLC,,823
14,feature.Yield.unmanaged.SS,,824
14,feature.Yield.unmanaged.Total,,825
14,feature.Yield.unmanaged.YC,,826
15,feature.Area.managed,,22
15,feature.Area.og1.CWHvm_CW_HW_M,,814
15,feature.Area.og1.total,,814
15,feature.Area.og2.CWHvm_CW_HW_M,,24
15,feature.Area.og2.total,,24
15,feature.Height.managed.CWHvm_CW_HW_M,,827
15,feature.QMD.managed.CWHvm_CW_HW_M,,828
15,feature.Seral.CWHvm_CW_HW_M.immature,,27
15,feature.Seral.CWHvm_CW_HW_M.mature,,504
15,feature.Seral.CWHvm_CW_HW_M.overmature,,236
15,feature.Seral.CWHvm_CW_HW_M.regenerating,,30
15,feature.Seral.CWHvm_CW_HW_M.young,,31
15,feature.Seral.immature,,27
15,feature.Seral.mature,,504
15,feature.Seral.overmature,,236
15,feature.Seral.regenerating,,30
15,feature.Seral.young,,31
15,feature.SpeciesProp.managed.BA,,483
15,feature.SpeciesProp.managed.CW,,505
15,feature.SpeciesProp.managed.DR,,485
15,feature.SpeciesProp.managed.FDC,,506
15,feature.SpeciesProp.managed.HW,,487
15,feature.SpeciesProp.managed.PLC,,488
15,feature.SpeciesProp.managed.SS,,829
15,feature.SpeciesProp.managed.YC,,507
15,feature.StemsPerHa.managed.CWHvm_CW_HW_M,,37
15,feature.Yield.managed.BA,,830
15,feature.Yield.managed.CW,,831
15,feature.Yield.managed.DR,,832
15,feature.Yield.managed.FDC,,833
15,feature.Yield.managed.HW,,834
15,feature.Yield.managed.PLC,,835
15,feature.Yield.managed.SS,,836
15,feature.Yield.managed.Total,,837
15,feature.Yield.managed.YC,,838
16,feature.Area.managed,,22
16,feature.Area.og1.CWHvm_CW_HW_M,,814
16,feature.Area.og1.total,,814
16,feature.Area.og2.CWHvm_CW_HW_M,,24
16,feature.Area.og2.total,,24
16,feature.Height.managed.CWHvm_CW_HW_M,,827
16,feature.QMD.managed.CWHvm_CW_HW_M,,828
16,feature.Seral.CWHvm_CW_HW_M.immature,,27
16,feature.Seral.CWHvm_CW_HW_M.mature,,504
16,feature.Seral.CWHvm_CW_HW_M.overmature,,236
16,feature.Seral.CWHvm_CW_HW_M.regenerating,,30
16,feature.Seral.CWHvm_CW_HW_M.young,,31
16,feature.Seral.immature,,27
16,feature.Seral.mature,,504
16,feature.Seral.overmature,,236
16,feature.Seral.regenerating,,30
16,feature.Seral.young,,31
16,feature.SpeciesProp.managed.BA,,237
16,feature.SpeciesProp.managed.CW,,238
16,feature.SpeciesProp.managed.DR,,239
16,feature.SpeciesProp.managed.FDC,,240
16,feature.SpeciesProp.managed.HW,,261
16,feature.SpeciesProp.managed.PLC,,930
16,feature.SpeciesProp.managed.SS,,243
16,feature.SpeciesProp.managed.YC,,244
16,feature.StemsPerHa.managed.CWHvm_CW_HW_M,,37
16,feature.Yield.managed.BA,,931
16,feature.Yield.managed.CW,,932
16,feature.Yield.managed.DR,,933
16,feature.Yield.managed.FDC,,934
16,feature.Yield.managed.HW,,935
16,feature.Yield.managed.PLC,,936
16,feature.Yield.managed.SS,,937
16,feature.Yield.managed.Total,,837
16,feature.Yield.managed.YC,,938
17,feature.Area.og1.CWHvm_HW_FDC_L,,376
17,feature.Area.og1.total,,376
17,feature.Area.og2.CWHvm_HW_FDC_L,,24
17,feature.Area.og2.total,,24
17,feature.Area.unmanaged,,22
17,feature.Height.unmanaged.CWHvm_HW_FDC_L,,1018
17,feature.QMD.unmanaged.CWHvm_HW_FDC_L,,1019
17,feature.Seral.CWHvm_HW_FDC_L.immature,,1020
17,feature.Seral.CWHvm_HW_FDC_L.mature,,1021
17,feature.Seral.CWHvm_HW_FDC_L.overmature,,29
17,feature.Seral.CWHvm_HW_FDC_L.regenerating,,30
17,feature.Seral.CWHvm_HW_FDC_L.young,,31
17,feature.Seral.immature,,1020
17,feature.Seral.mature,,1021
17,feature.Seral.overmature,,29
17,feature.Seral.regenerating,,30
17,feature.Seral.young,,31
17,feature.SpeciesProp.unmanaged.BA,,121
17,feature.SpeciesProp.unmanaged.CW,,379
17,feature.SpeciesProp.unmanaged.DR,,123
17,feature.SpeciesProp.unmanaged.FDC,,380
17,feature.SpeciesProp.unmanaged.HW,,394
17,feature.SpeciesProp.unmanaged.PL,,1022
17,feature.SpeciesProp.unmanaged.SS,,1022
17,feature.StemsPerHa.unmanaged.CWHvm_HW_FDC_L,,1023
17,feature.Yield.unmanaged.BA,,1024
17,feature.Yield.unmanaged.CW,,1025
17,feature.Yield.unmanaged.DR,,1026
17,feature.Yield.unmanaged.FDC,,1027
17,feature.Yield.unmanaged.HW,,1028
17,feature.Yield.unmanaged.PL,,1029
17,feature.Yield.unmanaged.SS,,1029
17,feature.Yield.unmanaged.Total,,1030
18,feature.Area.managed,,22
18,feature.Area.og1.CWHvm_HW_FDC_L,,376
18,feature.Area.og1.total,,376
18,feature.Area.og2.CWHvm_HW_FDC_L,,24
18,feature.Area.og2.total,,24
18,feature.Height.managed.CWHvm_HW_FDC_L,,1031
18,feature.QMD.managed.CWHvm_HW_FDC_L,,1032
18,feature.Seral.CWHvm_HW_FDC_L.immature,,1020
18,feature.Seral.CWHvm_HW_FDC_L.mature,,1021
18,feature.Seral.CWHvm_HW_FDC_L.overmature,,29
18,feature.Seral.CWHvm_HW_FDC_L.regenerating,,30
18,feature.Seral.CWHvm_HW_FDC_L.young,,31
18,feature.Seral.immature,,1020
18,feature.Seral.mature,,1021
18,feature.Seral.overmature,,29
18,feature.Seral.regenerating,,30
18,feature.Seral.young,,31
18,feature.SpeciesProp.managed.BA,,121
18,feature.SpeciesProp.managed.CW,,379
18,feature.SpeciesProp.managed.DR,,123
18,feature.SpeciesProp.managed.FDC,,380
18,feature.SpeciesProp.managed.HW,,394
18,feature.SpeciesProp.managed.PL,,126
18,feature.SpeciesProp.managed.SS,,126
18,feature.StemsPerHa.managed.CWHvm_HW_FDC_L,,37
18,feature.Yield.managed.BA,,1033
18,feature.Yield.managed.CW,,1034
18,feature.Yield.managed.DR,,1035
18,feature.Yield.managed.FDC,,1036
18,feature.Yield.managed.HW,,1037
18,feature.Yield.managed.PL,,1038
18,feature.Yield.managed.SS,,1038
18,feature.Yield.managed.Total,,1039
19,feature.Area.og1.CWHvm_FDC_HW_M,,376
19,feature.Area.og1.total,,376
19,feature.Area.og2.CWHvm_FDC_HW_M,,24
19,feature.Area.og2.total,,24
19,feature.Area.unmanaged,,22
19,feature.Height.unmanaged.CWHvm_FDC_HW_M,,1122
19,feature.QMD.unmanaged.CWHvm_FDC_HW_M,,1123
19,feature.Seral.CWHvm_FDC_HW_M.immature,,118
19,feature.Seral.CWHvm_FDC_HW_M.mature,,119
19,feature.Seral.CWHvm_FDC_HW_M.overmature,,120
19,feature.Seral.CWHvm_FDC_HW_M.regenerating,,30
19,feature.Seral.CWHvm_FDC_HW_M.young,,31
19,feature.Seral.immature,,118
19,feature.Seral.mature,,119
19,feature.Seral.overmature,,120
19,feature.Seral.regenerating,,30
19,feature.Seral.young,,31
19,feature.SpeciesProp.unmanaged.BA,,121
19,feature.SpeciesProp.unmanaged.CW,,122
19,feature.SpeciesProp.unmanaged.DR,,123
19,feature.SpeciesProp.unmanaged.FDC,,138
19,feature.SpeciesProp.unmanaged.HW,,717
19,feature.SpeciesProp.unmanaged.PL,,126
19,feature.SpeciesProp.unmanaged.SS,,126
19,feature.StemsPerHa.unmanaged.CWHvm_FDC_HW_M,,1124
19,feature.Yield.unmanaged.BA,,1125
19,feature.Yield.unmanaged.CW,,1126
19,feature.Yield.unmanaged.DR,,1127
19,feature.Yield.unmanaged.FDC,,1128
19,feature.Yield.unmanaged.HW,,1129
19,feature.Yield.unmanaged.PL,,1130
19,feature.Yield.unmanaged.SS,,1130
19,feature.Yield.unmanaged.Total,,1131
20,feature.Area.managed,,22
20,feature.Area.og1.CWHvm_FDC_HW_M,,376
20,feature.Area.og1.total,,376
20,feature.Area.og2.CWHvm_FDC_HW_M,,24
20,feature.Area.og2.total,,24
20,feature.Height.managed.CWHvm_FDC_HW_M,,1132
20,feature.QMD.managed.CWHvm_FDC_HW_M,,1133
20,feature.Seral.CWHvm_FDC_HW_M.immature,,118
20,feature.Seral.CWHvm_FDC_HW_M.mature,,119
20,feature.Seral.CWHvm_FDC_HW_M.overmature,,120
20,feature.Seral.CWHvm_FDC_HW_M.regenerating,,30
20,feature.Seral.CWHvm_FDC_HW_M.young,,31
20,feature.Seral.immature,,118
20,feature.Seral.mature,,119
20,feature.Seral.overmature,,120
20,feature.Seral.regenerating,,30
20,feature.Seral.young,,31
20,feature.SpeciesProp.managed.BA,,121
20,feature.SpeciesProp.managed.CW,,122
20,feature.SpeciesProp.managed.DR,,123
20,feature.SpeciesProp.managed.FDC,,138
20,feature.SpeciesProp.managed.HW,,125
20,feature.SpeciesProp.managed.PL,,126
20,feature.SpeciesProp.managed.SS,,126
20,feature.StemsPerHa.managed.CWHvm_FDC_HW_M,,37
20,feature.Yield.managed.BA,,1134
20,feature.Yield.managed.CW,,1135
20,feature.Yield.managed.DR,,1136
20,feature.Yield.managed.FDC,,1137
20,feature.Yield.managed.HW,,1138
20,feature.Yield.managed.PL,,1139
20,feature.Yield.managed.SS,,1139
20,feature.Yield.managed.Total,,1140
21,feature.Area.og1.CWHvm_HW_CW_H,,1213
21,feature.Area.og1.total,,1213
21,feature.Area.og2.CWHvm_HW_CW_H,,1
21,feature.Area.og2.total,,1
21,feature.Area.unmanaged,,2
21,feature.Height.unmanaged.CWHvm_HW_CW_H,,1214
21,feature.QMD.unmanaged.CWHvm_HW_CW_H,,1215
21,feature.Seral.CWHvm_HW_CW_H.immature,,1216
21,feature.Seral.CWHvm_HW_CW_H.mature,,1217
21,feature.Seral.CWHvm_HW_CW_H.overmature,,1218
21,feature.Seral.CWHvm_HW_CW_H.regenerating,,8
21,feature.Seral.CWHvm_HW_CW_H.young,,9
21,feature.Seral.immature,,1216
21,feature.Seral.mature,,1217
21,feature.Seral.overmature,,1218
21,feature.Seral.regenerating,,8
21,feature.Seral.young,,9
21,feature.SpeciesProp.unmanaged.BA,,483
21,feature.SpeciesProp.unmanaged.CW,,505
21,feature.SpeciesProp.unmanaged.DR,,485
21,feature.SpeciesProp.unmanaged.FDC,,506
21,feature.SpeciesProp.unmanaged.HW,,1219
21,feature.SpeciesProp.unmanaged.PLC,,488
21,feature.SpeciesProp.unmanaged.SS,,489
21,feature.SpeciesProp.unmanaged.YC,,507
21,feature.StemsPerHa.unmanaged.CWHvm_HW_CW_H,,1220
21,feature.Yield.unmanaged.BA,,1221
21,feature.Yield.unmanaged.CW,,1222
21,feature.Yield.unmanaged.DR,,1223
21,feature.Yield.unmanaged.FDC,,1224
21,feature.Yield.unmanaged.HW,,1225
21,feature.Yield.unmanaged.PLC,,1226
21,feature.Yield.unmanaged.SS,,1227
21,feature.Yield.unmanaged.Total,,1228
21,feature.Yield.unmanaged.YC,,1229
22,feature.Area.managed,,22
22,feature.Area.og1.CWHvm_HW_CW_H,,1230
22,feature.Area.og1.total,,1230
22,feature.Area.og2.CWHvm_HW_CW_H,,24
22,feature.Area.og2.total,,24
22,feature.Height.managed.CWHvm_HW_CW_H,,1231
22,feature.QMD.managed.CWHvm_HW_CW_H,,1232
22,feature.Seral.CWHvm_HW_CW_H.immature,,1020
22,feature.Seral.CWHvm_HW_CW_H.mature,,1233
22,feature.Seral.CWHvm_HW_CW_H.overmature,,1234
22,feature.Seral.CWHvm_HW_CW_H.regenerating,,30
22,feature.Seral.CWHvm_HW_CW_H.young,,31
22,feature.Seral.immature,,1020
22,feature.Seral.mature,,1233
22,feature.Seral.overmature,,1234
22,feature.Seral.regenerating,,30
22,feature.Seral.young,,31
22,feature.SpeciesProp.managed.BA,,483
22,feature.SpeciesProp.managed.CW,,505
22,feature.SpeciesProp.managed.DR,,485
22,feature.SpeciesProp.managed.FDC,,506
22,feature.SpeciesProp.managed.HW,,487
22,feature.SpeciesProp.managed.PLC,,488
22,feature.SpeciesProp.managed.SS,,489
22,feature.SpeciesProp.managed.YC,,507
22,feature.StemsPerHa.managed.CWHvm_HW_CW_H,,37
22,feature.Yield.managed.BA,,1235
22,feature.Yield.managed.CW,,1236
22,feature.Yield.managed.DR,,1237
22,feature.Yield.managed.FDC,,1238
22,feature.Yield.managed.HW,,1239
22,feature.Yield.managed.PLC,,1240
22,feature.Yield.managed.SS,,1241
22,feature.Yield.managed.Total,,1242
22,feature.Yield.managed.YC,,1243
23,feature.Area.managed,,22
23,feature.Area.og1.CWHvm_HW_CW_H,,1230
23,feature.Area.og1.total,,1230
23,feature.Area.og2.CWHvm_HW_CW_H,,24
23,feature.Area.og2.total,,24
23,feature.Height.managed.CWHvm_HW_CW_H,,1231
23,feature.QMD.managed.CWHvm_HW_CW_H,,1232
23,feature.Seral.CWHvm_HW_CW_H.immature,,1020
23,feature.Seral.CWHvm_HW_CW_H.mature,,1233
23,feature.Seral.CWHvm_HW_CW_H.overmature,,1234
23,feature.Seral.CWHvm_HW_CW_H.regenerating,,30
23,feature.Seral.CWHvm_HW_CW_H.young,,31
23,feature.Seral.immature,,1020
23,feature.Seral.mature,,1233
23,feature.Seral.overmature,,1234
23,feature.Seral.regenerating,,30
23,feature.Seral.young,,31
23,feature.SpeciesProp.managed.BA,,237
23,feature.SpeciesProp.managed.CW,,258
23,feature.SpeciesProp.managed.DR,,239
23,feature.SpeciesProp.managed.FDC,,260
23,feature.SpeciesProp.managed.HW,,261
23,feature.SpeciesProp.managed.PLC,,242
23,feature.SpeciesProp.managed.SS,,243
23,feature.SpeciesProp.managed.YC,,244
23,feature.StemsPerHa.managed.CWHvm_HW_CW_H,,37
23,feature.Yield.managed.BA,,1344
23,feature.Yield.managed.CW,,1345
23,feature.Yield.managed.DR,,1346
23,feature.Yield.managed.FDC,,1347
23,feature.Yield.managed.HW,,1348
23,feature.Yield.managed.PLC,,1349
23,feature.Yield.managed.SS,,1350
23,feature.Yield.managed.Total,,1242
23,feature.Yield.managed.YC,,1351
24,feature.Area.og1.CWHvm_HW_FDC_L,,376
24,feature.Area.og1.total,,376
24,feature.Area.og2.CWHvm_HW_FDC_L,,24
24,feature.Area.og2.total,,24
24,feature.Area.unmanaged,,22
24,feature.Height.unmanaged.CWHvm_HW_FDC_L,,1437
24,feature.QMD.unmanaged.CWHvm_HW_FDC_L,,1438
24,feature.Seral.CWHvm_HW_FDC_L.immature,,1020
24,feature.Seral.CWHvm_HW_FDC_L.mature,,1021
24,feature.Seral.CWHvm_HW_FDC_L.overmature,,29
24,feature.Seral.CWHvm_HW_FDC_L.regenerating,,30
24,feature.Seral.CWHvm_HW_FDC_L.young,,31
24,feature.Seral.immature,,1020
24,feature.Seral.mature,,1021
24,feature.Seral.overmature,,29
24,feature.Seral.regenerating,,30
24,feature.Seral.young,,31
24,feature.SpeciesProp.unmanaged.BA,,1439
24,feature.SpeciesProp.unmanaged.CW,,1440
24,feature.SpeciesProp.unmanaged.DR,,1441
24,feature.SpeciesProp.unmanaged.FDC,,1442
24,feature.SpeciesProp.unmanaged.HW,,1443
24,feature.SpeciesProp.unmanaged.PL,,1444
24,feature.SpeciesProp.unmanaged.SS,,1444
24,feature.StemsPerHa.unmanaged.CWHvm_HW_FDC_L,,1445
24,feature.Yield.unmanaged.BA,,1446
24,feature.Yield.unmanaged.CW,,1447
24,feature.Yield.unmanaged.DR,,1448
24,feature.Yield.unmanaged.FDC,,1449
24,feature.Yield.unmanaged.HW,,1450
24,feature.Yield.unmanaged.PL,,1451
24,feature.Yield.unmanaged.SS,,1451
24,feature.Yield.unmanaged.Total,,1452
25,feature.Area.managed,,2
25,feature.Area.og1.CWHvm_HW_FDC_L,,1453
25,feature.Area.og1.total,,1453
25,feature.Area.og2.CWHvm_HW_FDC_L,,1
25,feature.Area.og2.total,,1
25,feature.Height.managed.CWHvm_HW_FDC_L,,1454
25,feature.QMD.managed.CWHvm_HW_FDC_L,,1455
25,feature.Seral.CWHvm_HW_FDC_L.immature,,1216
25,feature.Seral.CWHvm_HW_FDC_L.mature,,1456
25,feature.Seral.CWHvm_HW_FDC_L.overmature,,7
25,feature.Seral.CWHvm_HW_FDC_L.regenerating,,8
25,feature.Seral.CWHvm_HW_FDC_L.young,,9
25,feature.Seral.immature,,1216
25,feature.Seral.mature,,1456
25,feature.Seral.overmature,,7
25,feature.Seral.regenerating,,8
25,feature.Seral.young,,9
25,feature.SpeciesProp.managed.BA,,1439
25,feature.SpeciesProp.managed.CW,,1457
25,feature.SpeciesProp.managed.DR,,1458
25,feature.SpeciesProp.managed.FDC,,1442
25,feature.SpeciesProp.managed.HW,,1443
25,feature.SpeciesProp.managed.PL,,1444
25,feature.SpeciesProp.managed.SS,,1444
25,feature.StemsPerHa.managed.CWHvm_HW_FDC_L,,37
25,feature.Yield.managed.BA,,1459
25,feature.Yield.managed.CW,,1460
25,feature.Yield.managed.DR,,1461
25,feature.Yield.managed.FDC,,1462
25,feature.Yield.managed.HW,,1463
25,feature.Yield.managed.PL,,1464
25,feature.Yield.managed.SS,,1464
25,feature.Yield.managed.Total,,1465
26,feature.Area.og1.CWHvm_HW_CW_M,,231
26,feature.Area.og1.total,,231
26,feature.Area.og2.CWHvm_HW_CW_M,,24
26,feature.Area.og2.total,,24
26,feature.Area.unmanaged,,22
26,feature.Height.unmanaged.CWHvm_HW_CW_M,,1546
26,feature.QMD.unmanaged.CWHvm_HW_CW_M,,1547
26,feature.Seral.CWHvm_HW_CW_M.immature,,234
26,feature.Seral.CWHvm_HW_CW_M.mature,,235
26,feature.Seral.CWHvm_HW_CW_M.overmature,,236
26,feature.Seral.CWHvm_HW_CW_M.regenerating,,30
26,feature.Seral.CWHvm_HW_CW_M.young,,31
26,feature.Seral.immature,,234
26,feature.Seral.mature,,235
26,feature.Seral.overmature,,236
26,feature.Seral.regenerating,,30
26,feature.Seral.young,,31
26,feature.SpeciesProp.unmanaged.BA,,483
26,feature.SpeciesProp.unmanaged.CW,,484
26,feature.SpeciesProp.unmanaged.DR,,485
26,feature.SpeciesProp.unmanaged.FDC,,506
26,feature.SpeciesProp.unmanaged.HW,,487
26,feature.SpeciesProp.unmanaged.PLC,,488
26,feature.SpeciesProp.unmanaged.SS,,489
26,feature.SpeciesProp.unmanaged.YC,,490
26,feature.StemsPerHa.unmanaged.CWHvm_HW_CW_M,,15
26,feature.Yield.unmanaged.BA,,1548
26,feature.Yield.unmanaged.CW,,1549
26,feature.Yield.unmanaged.DR,,1550
26,feature.Yield.unmanaged.FDC,,1551
26,feature.Yield.unmanaged.HW,,1552
26,feature.Yield.unmanaged.PLC,,1553
26,feature.Yield.unmanaged.SS,,1554
26,feature.Yield.unmanaged.Total,,1555
26,feature.Yield.unmanaged.YC,,1556
27,feature.Area.managed,,22
27,feature.Area.og1.CWHvm_HW_CW_M,,231
27,feature.Area.og1.total,,231
27,feature.Area.og2.CWHvm_HW_CW_M,,24
27,feature.Area.og2.total,,24
27,feature.Height.managed.CWHvm_HW_CW_M,,1557
27,feature.QMD.managed.CWHvm_HW_CW_M,,1558
27,feature.Seral.CWHvm_HW_CW_M.immature,,234
27,feature.Seral.CWHvm_HW_CW_M.mature,,235
27,feature.Seral.CWHvm_HW_CW_M.overmature,,236
27,feature.Seral.CWHvm_HW_CW_M.regenerating,,30
27,feature.Seral.CWHvm_HW_CW_M.young,,31
27,feature.Seral.immature,,234
27,feature.Seral.mature,,235
27,feature.Seral.overmature,,236
27,feature.Seral.regenerating,,30
27,feature.Seral.young,,31
27,feature.SpeciesProp.managed.BA,,483
27,feature.SpeciesProp.managed.CW,,505
27,feature.SpeciesProp.managed.DR,,485
27,feature.SpeciesProp.managed.FDC,,506
27,feature.SpeciesProp.managed.HW,,487
27,feature.SpeciesProp.managed.PLC,,488
27,feature.SpeciesProp.managed.SS,,489
27,feature.SpeciesProp.managed.YC,,507
27,feature.StemsPerHa.managed.CWHvm_HW_CW_M,,37
27,feature.Yield.managed.BA,,1559
27,feature.Yield.managed.CW,,1560
27,feature.Yield.managed.DR,,1561
27,feature.Yield.managed.FDC,,1562
27,feature.Yield.managed.HW,,1563
27,feature.Yield.managed.PLC,,1564
27,feature.Yield.managed.SS,,1565
27,feature.Yield.managed.Total,,1566
27,feature.Yield.managed.YC,,1567
28,feature.Area.og1.CWHvm_HW_FDC_H,,376
28,feature.Area.og1.total,,376
28,feature.Area.og2.CWHvm_HW_FDC_H,,24
28,feature.Area.og2.total,,24
28,feature.Area.unmanaged,,22
28,feature.Height.unmanaged.CWHvm_HW_FDC_H,,1666
28,feature.QMD.unmanaged.CWHvm_HW_FDC_H,,1667
28,feature.Seral.CWHvm_HW_FDC_H.immature,,118
28,feature.Seral.CWHvm_HW_FDC_H.mature,,119
28,feature.Seral.CWHvm_HW_FDC_H.overmature,,120
28,feature.Seral.CWHvm_HW_FDC_H.regenerating,,30
28,feature.Seral.CWHvm_HW_FDC_H.young,,31
28,feature.Seral.immature,,118
28,feature.Seral.mature,,119
28,feature.Seral.overmature,,120
28,feature.Seral.regenerating,,30
28,feature.Seral.young,,31
28,feature.SpeciesProp.unmanaged.BA,,1439
28,feature.SpeciesProp.unmanaged.CW,,1668
28,feature.SpeciesProp.unmanaged.DR,,1441
28,feature.SpeciesProp.unmanaged.FDC,,1669
28,feature.SpeciesProp.unmanaged.HW,,1443
28,feature.SpeciesProp.unmanaged.PL,,1670
28,feature.SpeciesProp.unmanaged.SS,,1670
28,feature.StemsPerHa.unmanaged.CWHvm_HW_FDC_H,,1671
28,feature.Yield.unmanaged.BA,,1672
28,feature.Yield.unmanaged.CW,,1673
28,feature.Yield.unmanaged.DR,,1674
28,feature.Yield.unmanaged.FDC,,1675
28,feature.Yield.unmanaged.HW,,1676
28,feature.Yield.unmanaged.PL,,1677
28,feature.Yield.unmanaged.SS,,1677
28,feature.Yield.unmanaged.Total,,1678
29,feature.Area.managed,,22
29,feature.Area.og1.CWHvm_HW_FDC_H,,376
29,feature.Area.og1.total,,376
29,feature.Area.og2.CWHvm_HW_FDC_H,,24
29,feature.Area.og2.total,,24
29,feature.Height.managed.CWHvm_HW_FDC_H,,1679
29,feature.QMD.managed.CWHvm_HW_FDC_H,,1680
29,feature.Seral.CWHvm_HW_FDC_H.immature,,118
29,feature.Seral.CWHvm_HW_FDC_H.mature,,119
29,feature.Seral.CWHvm_HW_FDC_H.overmature,,120
29,feature.Seral.CWHvm_HW_FDC_H.regenerating,,30
29,feature.Seral.CWHvm_HW_FDC_H.young,,31
29,feature.Seral.immature,,118
29,feature.Seral.mature,,119
29,feature.Seral.overmature,,120
29,feature.Seral.regenerating,,30
29,feature.Seral.young,,31
29,feature.SpeciesProp.managed.BA,,1439
29,feature.SpeciesProp.managed.CW,,1440
29,feature.SpeciesProp.managed.DR,,1681
29,feature.SpeciesProp.managed.FDC,,1669
29,feature.SpeciesProp.managed.HW,,1682
29,feature.SpeciesProp.managed.PL,,1444
29,feature.SpeciesProp.managed.SS,,1444
29,feature.StemsPerHa.managed.CWHvm_HW_FDC_H,,37
29,feature.Yield.managed.BA,,1683
29,feature.Yield.managed.CW,,1684
29,feature.Yield.managed.DR,,1685
29,feature.Yield.managed.FDC,,1686
29,feature.Yield.managed.HW,,1687
29,feature.Yield.managed.PL,,1688
29,feature.Yield.managed.SS,,1688
29,feature.Yield.managed.Total,,1689
30,feature.Area.og1.CWHvm_CW_YC_M,,1761
30,feature.Area.og1.total,,1761
30,feature.Area.og2.CWHvm_CW_YC_M,,1
30,feature.Area.og2.total,,1
30,feature.Area.unmanaged,,2
30,feature.Height.unmanaged.CWHvm_CW_YC_M,,1762
30,feature.QMD.unmanaged.CWHvm_CW_YC_M,,1763
30,feature.Seral.CWHvm_CW_YC_M.immature,,1764
30,feature.Seral.CWHvm_CW_YC_M.mature,,1765
30,feature.Seral.CWHvm_CW_YC_M.overmature,,1766
30,feature.Seral.CWHvm_CW_YC_M.regenerating,,8
30,feature.Seral.CWHvm_CW_YC_M.young,,9
30,feature.Seral.immature,,1764
30,feature.Seral.mature,,1765
30,feature.Seral.overmature,,1766
30,feature.Seral.regenerating,,8
30,feature.Seral.young,,9
30,feature.SpeciesProp.unmanaged.CW,,1767
30,feature.SpeciesProp.unmanaged.HW,,1768
30,feature.SpeciesProp.unmanaged.PLC,,1769
30,feature.SpeciesProp.unmanaged.YC,,1768
30,feature.StemsPerHa.unmanaged.CWHvm_CW_YC_M,,1770
30,feature.Yield.unmanaged.CW,,1771
30,feature.Yield.unmanaged.HW,,1772
30,feature.Yield.unmanaged.PLC,,1773
30,feature.Yield.unmanaged.Total,,1774
30,feature.Yield.unmanaged.YC,,1772
31,feature.Area.managed,,22
31,feature.Area.og1.CWHvm_CW_YC_M,,1775
31,feature.Area.og1.total,,1775
31,feature.Area.og2.CWHvm_CW_YC_M,,24
31,feature.Area.og2.total,,24
31,feature.Height.managed.CWHvm_CW_YC_M,,1776
31,feature.QMD.managed.CWHvm_CW_YC_M,,1777
31,feature.Seral.CWHvm_CW_YC_M.immature,,1778
31,feature.Seral.CWHvm_CW_YC_M.mature,,1779
31,feature.Seral.CWHvm_CW_YC_M.overmature,,1780
31,feature.Seral.CWHvm_CW_YC_M.regenerating,,30
31,feature.Seral.CWHvm_CW_YC_M.young,,31
31,feature.Seral.immature,,1778
31,feature.Seral.mature,,1779
31,feature.Seral.overmature,,1780
31,feature.Seral.regenerating,,30
31,feature.Seral.young,,31
31,feature.SpeciesProp.managed.CW,,1767
31,feature.SpeciesProp.managed.HW,,1768
31,feature.SpeciesProp.managed.PLC,,1769
31,feature.SpeciesProp.managed.YC,,1768
31,feature.StemsPerHa.managed.CWHvm_CW_YC_M,,37
31,feature.Yield.managed.CW,,1781
31,feature.Yield.managed.HW,,1782
31,feature.Yield.managed.PLC,,1783
31,feature.Yield.managed.Total,,1784
31,feature.Yield.managed.YC,,1782
32,feature.Area.managed,,22
32,feature.Area.og1.CWHvm_CW_YC_M,,1775
32,feature.Area.og1.total,,1775
32,feature.Area.og2.CWHvm_CW_YC_M,,24
32,feature.Area.og2.total,,24
32,feature.Height.managed.CWHvm_CW_YC_M,,1776
32,feature.QMD.managed.CWHvm_CW_YC_M,,1777
32,feature.Seral.CWHvm_CW_YC_M.immature,,1778
32,feature.Seral.CWHvm_CW_YC_M.mature,,1779
32,feature.Seral.CWHvm_CW_YC_M.overmature,,1780
32,feature.Seral.CWHvm_CW_YC_M.regenerating,,30
32,feature.Seral.CWHvm_CW_YC_M.young,,31
32,feature.Seral.immature,,1778
32,feature.Seral.mature,,1779
32,feature.Seral.overmature,,1780
32,feature.Seral.regenerating,,30
32,feature.Seral.young,,31
32,feature.SpeciesProp.managed.CW,,1849
32,feature.SpeciesProp.managed.HW,,1850
32,feature.SpeciesProp.managed.PLC,,1851
32,feature.SpeciesProp.managed.YC,,1852
32,feature.StemsPerHa.managed.CWHvm_CW_YC_M,,37
32,feature.Yield.managed.CW,,1853
32,feature.Yield.managed.HW,,1854
32,feature.Yield.managed.PLC,,1855
32,feature.Yield.managed.Total,,1784
32,feature.Yield.managed.YC,,1856
33,feature.Area.og1.CWHvm_HW_BA_M,,1908
33,feature.Area.og1.total,,1908
33,feature.Area.og2.CWHvm_HW_BA_M,,24
33,feature.Area.og2.total,,24
33,feature.Area.unmanaged,,22
33,feature.Height.unmanaged.CWHvm_HW_BA_M,,1909
33,feature.QMD.unmanaged.CWHvm_HW_BA_M,,1910
33,feature.Seral.CWHvm_HW_BA_M.immature,,1020
33,feature.Seral.CWHvm_HW_BA_M.mature,,1021
33,feature.Seral.CWHvm_HW_BA_M.overmature,,29
33,feature.Seral.CWHvm_HW_BA_M.regenerating,,30
33,feature.Seral.CWHvm_HW_BA_M.young,,31
33,feature.Seral.immature,,1020
33,feature.Seral.mature,,1021
33,feature.Seral.overmature,,29
33,feature.Seral.regenerating,,30
33,feature.Seral.young,,31
33,feature.SpeciesProp.unmanaged.BA,,1911
33,feature.SpeciesProp.unmanaged.CW,,1769
33,feature.SpeciesProp.unmanaged.HW,,1912
33,feature.StemsPerHa.unmanaged.CWHvm_HW_BA_M,,1913
33,feature.Yield.unmanaged.BA,,1914
33,feature.Yield.unmanaged.CW,,1915
33,feature.Yield.unmanaged.HW,,1916
33,feature.Yield.unmanaged.Total,,1917
34,feature.Area.managed,,22
34,feature.Area.og1.CWHvm_HW_BA_M,,1908
34,feature.Area.og1.total,,1908
34,feature.Area.og2.CWHvm_HW_BA_M,,24
34,feature.Area.og2.total,,24
34,feature.Height.managed.CWHvm_HW_BA_M,,1918
34,feature.QMD.managed.CWHvm_HW_BA_M,,1919
34,feature.Seral.CWHvm_HW_BA_M.immature,,1020
34,feature.Seral.CWHvm_HW_BA_M.mature,,1021
34,feature.Seral.CWHvm_HW_BA_M.overmature,,29
34,feature.Seral.CWHvm_HW_BA_M.regenerating,,30
34,feature.Seral.CWHvm_HW_BA_M.young,,31
34,feature.Seral.immature,,1020
34,feature.Seral.mature,,1021
34,feature.Seral.overmature,,29
34,feature.Seral.regenerating,,30
34,feature.Seral.young,,31
34,feature.SpeciesProp.managed.BA,,1911
34,feature.SpeciesProp.managed.CW,,1769
34,feature.SpeciesProp.managed.HW,,1920
34,feature.StemsPerHa.managed.CWHvm_HW_BA_M,,37
34,feature.Yield.managed.BA,,1921
34,feature.Yield.managed.CW,,1922
34,feature.Yield.managed.HW,,1923
34,feature.Yield.managed.Total,,1924
35,feature.Area.managed,,22
35,feature.Area.og1.CWHvm_HW_BA_M,,1908
35,feature.Area.og1.total,,1908
35,feature.Area.og2.CWHvm_HW_BA_M,,24
35,feature.Area.og2.total,,24
35,feature.Height.managed.CWHvm_HW_BA_M,,1918
35,feature.QMD.managed.CWHvm_HW_BA_M,,1919
35,feature.Seral.CWHvm_HW_BA_M.immature,,1020
35,feature.Seral.CWHvm_HW_BA_M.mature,,1021
35,feature.Seral.CWHvm_HW_BA_M.overmature,,29
35,feature.Seral.CWHvm_HW_BA_M.regenerating,,30
35,feature.Seral.CWHvm_HW_BA_M.young,,31
35,feature.Seral.immature,,1020
35,feature.Seral.mature,,1021
35,feature.Seral.overmature,,29
35,feature.Seral.regenerating,,30
35,feature.Seral.young,,31
35,feature.SpeciesProp.managed.BA,,1969
35,feature.SpeciesProp.managed.CW,,1970
35,feature.SpeciesProp.managed.FDC,,1971
35,feature.SpeciesProp.managed.HW,,1972
35,feature.StemsPerHa.managed.CWHvm_HW_BA_M,,37
35,feature.Yield.managed.BA,,1973
35,feature.Yield.managed.CW,,1974
35,feature.Yield.managed.FDC,,1975
35,feature.Yield.managed.HW,,1976
35,feature.Yield.managed.Total,,1924
36,feature.Area.og1.CWHvm_FDC_HW_L,,501
36,feature.Area.og1.total,,501
36,feature.Area.og2.CWHvm_FDC_HW_L,,24
36,feature.Area.og2.total,,24
36,feature.Area.unmanaged,,22
36,feature.Height.unmanaged.CWHvm_FDC_HW_L,,2027
36,feature.QMD.unmanaged.CWHvm_FDC_HW_L,,2028
36,feature.Seral.CWHvm_FDC_HW_L.immature,,234
36,feature.Seral.CWHvm_FDC_HW_L.mature,,715
36,feature.Seral.CWHvm_FDC_HW_L.overmature,,716
36,feature.Seral.CWHvm_FDC_HW_L.regenerating,,30
36,feature.Seral.CWHvm_FDC_HW_L.young,,31
36,feature.Seral.immature,,234
36,feature.Seral.mature,,715
36,feature.Seral.overmature,,716
36,feature.Seral.regenerating,,30
36,feature.Seral.young,,31
36,feature.SpeciesProp.unmanaged.BA,,1439
36,feature.SpeciesProp.unmanaged.CW,,1440
36,feature.SpeciesProp.unmanaged.DR,,1441
36,feature.SpeciesProp.unmanaged.FDC,,2029
36,feature.SpeciesProp.unmanaged.HW,,1443
36,feature.SpeciesProp.unmanaged.PL,,1444
36,feature.SpeciesProp.unmanaged.SS,,1444
36,feature.StemsPerHa.unmanaged.CWHvm_FDC_HW_L,,718
36,feature.Yield.unmanaged.BA,,2030
36,feature.Yield.unmanaged.CW,,2031
36,feature.Yield.unmanaged.DR,,2032
36,feature.Yield.unmanaged.FDC,,2033
36,feature.Yield.unmanaged.HW,,2034
36,feature.Yield.unmanaged.PL,,2035
36,feature.Yield.unmanaged.SS,,2035
36,feature.Yield.unmanaged.Total,,2036
37,feature.Area.managed,,22
37,feature.Area.og1.CWHvm_FDC_HW_L,,501
37,feature.Area.og1.total,,501
37,feature.Area.og2.CWHvm_FDC_HW_L,,24
37,feature.Area.og2.total,,24
37,feature.Height.managed.CWHvm_FDC_HW_L,,2037
37,feature.QMD.managed.CWHvm_FDC_HW_L,,2038
37,feature.Seral.CWHvm_FDC_HW_L.immature,,234
37,feature.Seral.CWHvm_FDC_HW_L.mature,,715
37,feature.Seral.CWHvm_FDC_HW_L.overmature,,716
37,feature.Seral.CWHvm_FDC_HW_L.regenerating,,30
37,feature.Seral.CWHvm_FDC_HW_L.young,,31
37,feature.Seral.immature,,234
37,feature.Seral.mature,,715
37,feature.Seral.overmature,,716
37,feature.Seral.regenerating,,30
37,feature.Seral.young,,31
37,feature.SpeciesProp.managed.BA,,2039
37,feature.SpeciesProp.managed.CW,,1668
37,feature.SpeciesProp.managed.DR,,1681
37,feature.SpeciesProp.managed.FDC,,1669
37,feature.SpeciesProp.managed.HW,,1443
37,feature.SpeciesProp.managed.PL,,1444
37,feature.SpeciesProp.managed.SS,,1444
37,feature.StemsPerHa.managed.CWHvm_FDC_HW_L,,140
37,feature.Yield.managed.BA,,2040
37,feature.Yield.managed.CW,,2041
37,feature.Yield.managed.DR,,2042
37,feature.Yield.managed.FDC,,2043
37,feature.Yield.managed.HW,,2044
37,feature.Yield.managed.PL,,2045
37,feature.Yield.managed.SS,,2045
37,feature.Yield.managed.Total,,2046
38,feature.Area.og1.CWHvm_CW_HW_M,,814
38,feature.Area.og1.total,,814
38,feature.Area.og2.CWHvm_CW_HW_M,,24
38,feature.Area.og2.total,,24
38,feature.Area.unmanaged,,22
38,feature.Height.unmanaged.CWHvm_CW_HW_M,,2124
38,feature.QMD.unmanaged.CWHvm_CW_HW_M,,2125
38,feature.Seral.CWHvm_CW_HW_M.immature,,27
38,feature.Seral.CWHvm_CW_HW_M.mature,,504
38,feature.Seral.CWHvm_CW_HW_M.overmature,,236
38,feature.Seral.CWHvm_CW_HW_M.regenerating,,30
38,feature.Seral.CWHvm_CW_HW_M.young,,31
38,feature.Seral.immature,,27
38,feature.Seral.mature,,504
38,feature.Seral.overmature,,236
38,feature.Seral.regenerating,,30
38,feature.Seral.young,,31
38,feature.SpeciesProp.unmanaged.BA,,257
38,feature.SpeciesProp.unmanaged.CW,,238
38,feature.SpeciesProp.unmanaged.DR,,239
38,feature.SpeciesProp.unmanaged.FDC,,240
38,feature.SpeciesProp.unmanaged.HW,,241
38,feature.SpeciesProp.unmanaged.PLC,,262
38,feature.SpeciesProp.unmanaged.SS,,243
38,feature.SpeciesProp.unmanaged.YC,,244
38,feature.StemsPerHa.unmanaged.CWHvm_CW_HW_M,,817
38,feature.Yield.unmanaged.BA,,2126
38,feature.Yield.unmanaged.CW,,2127
38,feature.Yield.unmanaged.DR,,2128
38,feature.Yield.unmanaged.FDC,,2129
38,feature.Yield.unmanaged.HW,,2130
38,feature.Yield.unmanaged.PLC,,2131
38,feature.Yield.unmanaged.SS,,2132
38,feature.Yield.unmanaged.Total,,2133
38,feature.Yield.unmanaged.YC,,2134
39,feature.Area.og1.CWHvm_CW_PLC_M,,2135
39,feature.Area.og1.total,,2135
39,feature.Area.og2.CWHvm_CW_PLC_M,,24
39,feature.Area.og2.total,,24
39,feature.Area.unmanaged,,22
39,feature.Height.unmanaged.CWHvm_CW_PLC_M,,2136
39,feature.QMD.unmanaged.CWHvm_CW_PLC_M,,2137
39,feature.Seral.CWHvm_CW_PLC_M.immature,,2138
39,feature.Seral.CWHvm_CW_PLC_M.mature,,2139
39,feature.Seral.CWHvm_CW_PLC_M.overmature,,2140
39,feature.Seral.CWHvm_CW_PLC_M.regenerating,,30
39,feature.Seral.CWHvm_CW_PLC_M.young,,31
39,feature.Seral.immature,,2138
39,feature.Seral.mature,,2139
39,feature.Seral.overmature,,2140
39,feature.Seral.regenerating,,30
39,feature.Seral.young,,31
39,feature.SpeciesProp.unmanaged.CW,,2141
39,feature.SpeciesProp.unmanaged.HW,,1768
39,feature.SpeciesProp.unmanaged.PLC,,2142
39,feature.SpeciesProp.unmanaged.YC,,1768
39,feature.Yield.unmanaged.CW,,2143
39,feature.Yield.unmanaged.HW,,2144
39,feature.Yield.unmanaged.PLC,,2145
39,feature.Yield.unmanaged.Total,,2146
39,feature.Yield.unmanaged.YC,,2144
40,feature.Area.managed,,22
40,feature.Area.og1.CWHvm_CW_PLC_M,,2135
40,feature.Area.og1.total,,2135
40,feature.Area.og2.CWHvm_CW_PLC_M,,24
40,feature.Area.og2.total,,24
40,feature.Height.managed.CWHvm_CW_PLC_M,,2147
40,feature.QMD.managed.CWHvm_CW_PLC_M,,2137
40,feature.Seral.CWHvm_CW_PLC_M.immature,,2138
40,feature.Seral.CWHvm_CW_PLC_M.mature,,2139
40,feature.Seral.CWHvm_CW_PLC_M.overmature,,2140
40,feature.Seral.CWHvm_CW_PLC_M.regenerating,,30
40,feature.Seral.CWHvm_CW_PLC_M.young,,31
40,feature.Seral.immature,,2138
40,feature.Seral.mature,,2139
40,feature.Seral.overmature,,2140
40,feature.Seral.regenerating,,30
40,feature.Seral.young,,31
40,feature.SpeciesProp.managed.CW,,2141
40,feature.SpeciesProp.managed.HW,,1768
40,feature.SpeciesProp.managed.PLC,,2142
40,feature.SpeciesProp.managed.YC,,1768
40,feature.StemsPerHa.managed.CWHvm_CW_PLC_M,,140
40,feature.Yield.managed.Total,,2137
41,feature.Area.managed,,22
41,feature.Area.og1.CWHvm_CW_PLC_M,,2135
41,feature.Area.og1.total,,2135
41,feature.Area.og2.CWHvm_CW_PLC_M,,24
41,feature.Area.og2.total,,24
41,feature.Height.managed.CWHvm_CW_PLC_M,,2147
41,feature.QMD.managed.CWHvm_CW_PLC_M,,2137
41,feature.Seral.CWHvm_CW_PLC_M.immature,,2138
41,feature.Seral.CWHvm_CW_PLC_M.mature,,2139
41,feature.Seral.CWHvm_CW_PLC_M.overmature,,2140
41,feature.Seral.CWHvm_CW_PLC_M.regenerating,,30
41,feature.Seral.CWHvm_CW_PLC_M.young,,31
41,feature.Seral.immature,,2138
41,feature.Seral.mature,,2139
41,feature.Seral.overmature,,2140
41,feature.Seral.regenerating,,30
41,feature.Seral.young,,31
41,feature.SpeciesProp.managed.CW,,2148
41,feature.SpeciesProp.managed.HW,,2149
41,feature.SpeciesProp.managed.PLC,,2150
41,feature.SpeciesProp.managed.YC,,2149
41,feature.StemsPerHa.managed.CWHvm_CW_PLC_M,,140
41,feature.Yield.managed.Total,,2137
42,feature.Area.og1.CWHvm_FDC_HW_M,,376
42,feature.Area.og1.total,,376
42,feature.Area.og2.CWHvm_FDC_HW_M,,24
42,feature.Area.og2.total,,24
42,feature.Area.unmanaged,,22
42,feature.Height.unmanaged.CWHvm_FDC_HW_M,,2151
42,feature.QMD.unmanaged.CWHvm_FDC_HW_M,,2152
42,feature.Seral.CWHvm_FDC_HW_M.immature,,118
42,feature.Seral.CWHvm_FDC_HW_M.mature,,119
42,feature.Seral.CWHvm_FDC_HW_M.overmature,,120
42,feature.Seral.CWHvm_FDC_HW_M.regenerating,,30
42,feature.Seral.CWHvm_FDC_HW_M.young,,31
42,feature.Seral.immature,,118
42,feature.Seral.mature,,119
42,feature.Seral.overmature,,120
42,feature.Seral.regenerating,,30
42,feature.Seral.young,,31
42,feature.SpeciesProp.unmanaged.BA,,1439
42,feature.SpeciesProp.unmanaged.CW,,1440
42,feature.SpeciesProp.unmanaged.DR,,1458
42,feature.SpeciesProp.unmanaged.FDC,,1442
42,feature.SpeciesProp.unmanaged.HW,,1443
42,feature.SpeciesProp.unmanaged.PL,,1444
42,feature.SpeciesProp.unmanaged.SS,,1444
42,feature.StemsPerHa.unmanaged.CWHvm_FDC_HW_M,,2153
42,feature.Yield.unmanaged.BA,,2154
42,feature.Yield.unmanaged.CW,,2155
42,feature.Yield.unmanaged.DR,,2156
42,feature.Yield.unmanaged.FDC,,2157
42,feature.Yield.unmanaged.HW,,2158
42,feature.Yield.unmanaged.PL,,2159
42,feature.Yield.unmanaged.SS,,2159
42,feature.Yield.unmanaged.Total,,2160
43,feature.Area.managed,,22
43,feature.Area.og1.CWHvm_FDC_HW_M,,376
43,feature.Area.og1.total,,376
43,feature.Area.og2.CWHvm_FDC_HW_M,,24
43,feature.Area.og2.total,,24
43,feature.Height.managed.CWHvm_FDC_HW_M,,2161
43,feature.QMD.managed.CWHvm_FDC_HW_M,,2162
43,feature.Seral.CWHvm_FDC_HW_M.immature,,118
43,feature.Seral.CWHvm_FDC_HW_M.mature,,119
43,feature.Seral.CWHvm_FDC_HW_M.overmature,,120
43,feature.Seral.CWHvm_FDC_HW_M.regenerating,,30
43,feature.Seral.CWHvm_FDC_HW_M.young,,31
43,feature.Seral.immature,,118
43,feature.Seral.mature,,119
43,feature.Seral.overmature,,120
43,feature.Seral.regenerating,,30
43,feature.Seral.young,,31
43,feature.SpeciesProp.managed.BA,,1439
43,feature.SpeciesProp.managed.CW,,1440
43,feature.SpeciesProp.managed.DR,,1441
43,feature.SpeciesProp.managed.FDC,,1442
43,feature.SpeciesProp.managed.HW,,1443
43,feature.SpeciesProp.managed.PL,,1444
43,feature.SpeciesProp.managed.SS,,1444
43,feature.StemsPerHa.managed.CWHvm_FDC_HW_M,,37
43,feature.Yield.managed.BA,,1134
43,feature.Yield.managed.CW,,2163
43,feature.Yield.managed.DR,,2164
43,feature.Yield.managed.FDC,,2165
43,feature.Yield.managed.HW,,2166
43,feature.Yield.managed.PL,,2167
43,feature.Yield.managed.SS,,2167
43,feature.Yield.managed.Total,,2168
44,feature.Area.og1.CWHvm_HW_CW_H,,1230
44,feature.Area.og1.total,,1230
44,feature.Area.og2.CWHvm_HW_CW_H,,24
44,feature.Area.og2.total,,24
44,feature.Area.unmanaged,,22
44,feature.Height.unmanaged.CWHvm_HW_CW_H,,2232
44,feature.QMD.unmanaged.CWHvm_HW_CW_H,,2233
44,feature.Seral.CWHvm_HW_CW_H.immature,,1020
44,feature.Seral.CWHvm_HW_CW_H.mature,,1233
44,feature.Seral.CWHvm_HW_CW_H.overmature,,1234
44,feature.Seral.CWHvm_HW_CW_H.regenerating,,30
44,feature.Seral.CWHvm_HW_CW_H.young,,31
44,feature.Seral.immature,,1020
44,feature.Seral.mature,,1233
44,feature.Seral.overmature,,1234
44,feature.Seral.regenerating,,30
44,feature.Seral.young,,31
44,feature.SpeciesProp.unmanaged.BA,,2234
44,feature.SpeciesProp.unmanaged.CW,,238
44,feature.SpeciesProp.unmanaged.DR,,239
44,feature.SpeciesProp.unmanaged.FDC,,240
44,feature.SpeciesProp.unmanaged.HW,,2235
44,feature.SpeciesProp.unmanaged.PLC,,242
44,feature.SpeciesProp.unmanaged.SS,,243
44,feature.SpeciesProp.unmanaged.YC,,244
44,feature.StemsPerHa.unmanaged.CWHvm_HW_CW_H,,1913
44,feature.Yield.unmanaged.BA,,2236
44,feature.Yield.unmanaged.CW,,2237
44,feature.Yield.unmanaged.DR,,2238
44,feature.Yield.unmanaged.FDC,,2239
44,feature.Yield.unmanaged.HW,,2240
44,feature.Yield.unmanaged.PLC,,2241
44,feature.Yield.unmanaged.SS,,2242
44,feature.Yield.unmanaged.Total,,2243
44,feature.Yield.unmanaged.YC,,2244
45,feature.Area.og1.CWHvm_HW_SS_M,,376
45,feature.Area.og1.total,,376
45,feature.Area.og2.CWHvm_HW_SS_M,,24
45,feature.Area.og2.total,,24
45,feature.Area.unmanaged,,22
45,feature.Height.unmanaged.CWHvm_HW_SS_M,,2245
45,feature.QMD.unmanaged.CWHvm_HW_SS_M,,2246
45,feature.Seral.CWHvm_HW_SS_M.immature,,1020
45,feature.Seral.CWHvm_HW_SS_M.mature,,2247
45,feature.Seral.CWHvm_HW_SS_M.overmature,,2248
45,feature.Seral.CWHvm_HW_SS_M.regenerating,,30
45,feature.Seral.CWHvm_HW_SS_M.young,,31
45,feature.Seral.immature,,1020
45,feature.Seral.mature,,2247
45,feature.Seral.overmature,,2248
45,feature.Seral.regenerating,,30
45,feature.Seral.young,,31
45,feature.SpeciesProp.unmanaged.BA,,2249
45,feature.SpeciesProp.unmanaged.CW,,2249
45,feature.SpeciesProp.unmanaged.DR,,2250
45,feature.SpeciesProp.unmanaged.HW,,2251
45,feature.SpeciesProp.unmanaged.SS,,2252
45,feature.StemsPerHa.unmanaged.CWHvm_HW_SS_M,,2253
45,feature.Yield.unmanaged.BA,,2254
45,feature.Yield.unmanaged.CW,,2254
45,feature.Yield.unmanaged.DR,,2255
45,feature.Yield.unmanaged.HW,,2256
45,feature.Yield.unmanaged.SS,,2257
45,feature.Yield.unmanaged.Total,,2258
46,feature.Area.managed,,22
46,feature.Area.og1.CWHvm_HW_SS_M,,376
46,feature.Area.og1.total,,376
46,feature.Area.og2.CWHvm_HW_SS_M,,24
46,feature.Area.og2.total,,24
46,feature.Height.managed.CWHvm_HW_SS_M,,2259
46,feature.QMD.managed.CWHvm_HW_SS_M,,2260
46,feature.Seral.CWHvm_HW_SS_M.immature,,1020
46,feature.Seral.CWHvm_HW_SS_M.mature,,2247
46,feature.Seral.CWHvm_HW_SS_M.overmature,,2248
46,feature.Seral.CWHvm_HW_SS_M.regenerating,,30
46,feature.Seral.CWHvm_HW_SS_M.young,,31
46,feature.Seral.immature,,1020
46,feature.Seral.mature,,2247
46,feature.Seral.overmature,,2248
46,feature.Seral.regenerating,,30
46,feature.Seral.young,,31
46,feature.SpeciesProp.managed.BA,,2249
46,feature.SpeciesProp.managed.CW,,2249
46,feature.SpeciesProp.managed.DR,,2250
46,feature.SpeciesProp.managed.HW,,2251
46,feature.SpeciesProp.managed.SS,,2252
46,feature.StemsPerHa.managed.CWHvm_HW_SS_M,,37
46,feature.Yield.managed.BA,,2261
46,feature.Yield.managed.CW,,2261
46,feature.Yield.managed.DR,,2262
46,feature.Yield.managed.HW,,2263
46,feature.Yield.managed.SS,,2264
46,feature.Yield.managed.Total,,2265
47,feature.Area.managed,,22
47,feature.Area.og1.CWHvm_HW_SS_M,,376
47,feature.Area.og1.total,,376
47,feature.Area.og2.CWHvm_HW_SS_M,,24
47,feature.Area.og2.total,,24
47,feature.Height.managed.CWHvm_HW_SS_M,,2259
47,feature.QMD.managed.CWHvm_HW_SS_M,,2260
47,feature.Seral.CWHvm_HW_SS_M.immature,,1020
47,feature.Seral.CWHvm_HW_SS_M.mature,,2247
47,feature.Seral.CWHvm_HW_SS_M.overmature,,2248
47,feature.Seral.CWHvm_HW_SS_M.regenerating,,30
47,feature.Seral.CWHvm_HW_SS_M.young,,31
47,feature.Seral.immature,,1020
47,feature.Seral.mature,,2247
47,feature.Seral.overmature,,2248
47,feature.Seral.regenerating,,30
47,feature.Seral.young,,31
47,feature.SpeciesProp.managed.BA,,2320
47,feature.SpeciesProp.managed.CW,,2321
47,feature.SpeciesProp.managed.DR,,2322
47,feature.SpeciesProp.managed.FDC,,2323
47,feature.SpeciesProp.managed.HW,,2324
47,feature.SpeciesProp.managed.SS,,2325
47,feature.StemsPerHa.managed.CWHvm_HW_SS_M,,37
47,feature.Yield.managed.BA,,2326
47,feature.Yield.managed.CW,,2327
47,feature.Yield.managed.DR,,2328
47,feature.Yield.managed.FDC,,2329
47,feature.Yield.managed.HW,,2330
47,feature.Yield.managed.SS,,2331
47,feature.Yield.managed.Total,,2265
48,feature.Area.og1.CWHvm_HW_SS_M,,376
48,feature.Area.og1.total,,376
48,feature.Area.og2.CWHvm_HW_SS_M,,24
48,feature.Area.og2.total,,24
48,feature.Area.unmanaged,,22
48,feature.Height.unmanaged.CWHvm_HW_SS_M,,2398
48,feature.QMD.unmanaged.CWHvm_HW_SS_M,,2399
48,feature.Seral.CWHvm_HW_SS_M.immature,,1020
48,feature.Seral.CWHvm_HW_SS_M.mature,,2247
48,feature.Seral.CWHvm_HW_SS_M.overmature,,2248
48,feature.Seral.CWHvm_HW_SS_M.regenerating,,30
48,feature.Seral.CWHvm_HW_SS_M.young,,31
48,feature.Seral.immature,,1020
48,feature.Seral.mature,,2247
48,feature.Seral.overmature,,2248
48,feature.Seral.regenerating,,30
48,feature.Seral.young,,31
48,feature.SpeciesProp.unmanaged.BA,,2320
48,feature.SpeciesProp.unmanaged.CW,,2321
48,feature.SpeciesProp.unmanaged.DR,,2322
48,feature.SpeciesProp.unmanaged.FDC,,2323
48,feature.SpeciesProp.unmanaged.HW,,2324
48,feature.SpeciesProp.unmanaged.SS,,2325
48,feature.StemsPerHa.unmanaged.CWHvm_HW_SS_M,,2400
48,feature.Yield.unmanaged.BA,,2401
48,feature.Yield.unmanaged.CW,,2402
48,feature.Yield.unmanaged.DR,,2403
48,feature.Yield.unmanaged.FDC,,2404
48,feature.Yield.unmanaged.HW,,2405
48,feature.Yield.unmanaged.SS,,2406
48,feature.Yield.unmanaged.Total,,2407
49,feature.Area.og1.CWHvm_FDC_HW_H,,115
49,feature.Area.og1.total,,115
49,feature.Area.og2.CWHvm_FDC_HW_H,,24
49,feature.Area.og2.total,,24
49,feature.Area.unmanaged,,22
49,feature.Height.unmanaged.CWHvm_FDC_HW_H,,2408
49,feature.QMD.unmanaged.CWHvm_FDC_HW_H,,2409
49,feature.Seral.CWHvm_FDC_HW_H.immature,,118
49,feature.Seral.CWHvm_FDC_HW_H.mature,,119
49,feature.Seral.CWHvm_FDC_HW_H.overmature,,120
49,feature.Seral.CWHvm_FDC_HW_H.regenerating,,30
49,feature.Seral.CWHvm_FDC_HW_H.young,,31
49,feature.Seral.immature,,118
49,feature.Seral.mature,,119
49,feature.Seral.overmature,,120
49,feature.Seral.regenerating,,30
49,feature.Seral.young,,31
49,feature.SpeciesProp.unmanaged.BA,,1439
49,feature.SpeciesProp.unmanaged.CW,,1440
49,feature.SpeciesProp.unmanaged.DR,,1441
49,feature.SpeciesProp.unmanaged.FDC,,1442
49,feature.SpeciesProp.unmanaged.HW,,1443
49,feature.SpeciesProp.unmanaged.PL,,1444
49,feature.SpeciesProp.unmanaged.SS,,1444
49,feature.StemsPerHa.unmanaged.CWHvm_FDC_HW_H,,127
49,feature.Yield.unmanaged.BA,,2410
49,feature.Yield.unmanaged.CW,,2411
49,feature.Yield.unmanaged.DR,,2412
49,feature.Yield.unmanaged.FDC,,2413
49,feature.Yield.unmanaged.HW,,2414
49,feature.Yield.unmanaged.PL,,2415
49,feature.Yield.unmanaged.SS,,2415
49,feature.Yield.unmanaged.Total,,2416
50,feature.Area.managed,,22
50,feature.Area.og1.CWHvm_FDC_HW_H,,115
50,feature.Area.og1.total,,115
50,feature.Area.og2.CWHvm_FDC_HW_H,,24
50,feature.Area.og2.total,,24
50,feature.Height.managed.CWHvm_FDC_HW_H,,2417
50,feature.QMD.managed.CWHvm_FDC_HW_H,,2418
50,feature.Seral.CWHvm_FDC_HW_H.immature,,118
50,feature.Seral.CWHvm_FDC_HW_H.mature,,119
50,feature.Seral.CWHvm_FDC_HW_H.overmature,,120
50,feature.Seral.CWHvm_FDC_HW_H.regenerating,,30
50,feature.Seral.CWHvm_FDC_HW_H.young,,31
50,feature.Seral.immature,,118
50,feature.Seral.mature,,119
50,feature.Seral.overmature,,120
50,feature.Seral.regenerating,,30
50,feature.Seral.young,,31
50,feature.SpeciesProp.managed.BA,,1439
50,feature.SpeciesProp.managed.CW,,1440
50,feature.SpeciesProp.managed.DR,,1441
50,feature.SpeciesProp.managed.FDC,,1442
50,feature.SpeciesProp.managed.HW,,1443
50,feature.SpeciesProp.managed.PL,,2419
50,feature.SpeciesProp.managed.SS,,2419
50,feature.StemsPerHa.managed.CWHvm_FDC_HW_H,,37
50,feature.Yield.managed.BA,,2420
50,feature.Yield.managed.CW,,2421
50,feature.Yield.managed.DR,,2422
50,feature.Yield.managed.FDC,,2423
50,feature.Yield.managed.HW,,2424
50,feature.Yield.managed.PL,,2425
50,feature.Yield.managed.SS,,2425
50,feature.Yield.managed.Total,,147
